run_id,job_name,batch_id,start_ts,end_ts,duration_seconds,status,retry_count,rows_read,rows_rejected
RUN_001,collect_boamp_batch,B20150308_01_initial,2015-03-08 05:30:00+00:00,2015-03-08 05:32:00+00:00,120,SUCCESS,0,4,0
RUN_002,stage_boamp_notice,B20150308_01_initial,2015-03-08 05:30:00+00:00,2015-03-08 05:32:00+00:00,120,SUCCESS,0,4,0
RUN_003,transform_notice_kpi,B20150308_01_initial,2015-03-08 05:30:00+00:00,2015-03-08 05:31:00+00:00,60,SUCCESS,0,4,0
RUN_004,load_notice_dwh,B20150308_01_initial,2015-03-08 05:30:00+00:00,2015-03-08 05:31:00+00:00,60,SUCCESS,0,4,0
RUN_005,refresh_kpi_tables,B20150308_01_initial,2015-03-08 05:30:00+00:00,2015-03-08 05:31:00+00:00,60,SUCCESS,0,4,0
RUN_006,collect_boamp_batch,B20150309_01_incremental,2015-03-09 05:30:00+00:00,2015-03-09 05:32:00+00:00,120,SUCCESS,0,3,0
RUN_007,stage_boamp_notice,B20150309_01_incremental,2015-03-09 05:30:00+00:00,2015-03-09 05:32:00+00:00,120,SUCCESS,0,3,1
RUN_008,transform_notice_kpi,B20150309_01_incremental,2015-03-09 05:30:00+00:00,2015-03-09 05:31:00+00:00,60,SUCCESS,0,3,0
RUN_009,load_notice_dwh,B20150309_01_incremental,2015-03-09 05:30:00+00:00,2015-03-09 05:31:00+00:00,60,SUCCESS,0,3,0
RUN_010,refresh_kpi_tables,B20150309_01_incremental,2015-03-09 05:30:00+00:00,2015-03-09 05:31:00+00:00,60,SUCCESS,0,3,0
RUN_011,collect_boamp_batch,B20150309_01_rerun,2015-03-09 06:00:00+00:00,2015-03-09 06:02:00+00:00,120,SUCCESS,1,3,0
RUN_012,stage_boamp_notice,B20150309_01_rerun,2015-03-09 06:00:00+00:00,2015-03-09 06:02:00+00:00,120,SUCCESS,0,3,0
RUN_013,transform_notice_kpi,B20150309_01_rerun,2015-03-09 06:00:00+00:00,2015-03-09 06:01:00+00:00,60,SUCCESS,0,3,0
RUN_014,load_notice_dwh,B20150309_01_rerun,2015-03-09 06:00:00+00:00,2015-03-09 06:01:00+00:00,60,SUCCESS,0,3,0
RUN_015,refresh_kpi_tables,B20150309_01_rerun,2015-03-09 06:00:00+00:00,2015-03-09 06:01:00+00:00,60,SUCCESS,0,3,0
