batch_id,batch_type,source_system,extraction_ts,page_no,record_hash,payload_json
B20150308_01_initial,INITIAL,BOAMP_API,2015-03-08 05:30:00+00:00,1,510aba836dde6afdee6d4a1d83a3747b5c89ebd2e6c4f06aa7d63e29b432b6e4,"{""code_departement"": [""35""], ""code_departement_prestation"": ""35"", ""datefindiffusion"": ""2015-04-17"", ""datelimitereponse"": ""2015-04-20T11:00:00+00:00"", ""dateparution"": ""2015-03-03"", ""descripteur_code"": [""33"", ""274""], ""descripteur_libelle"": [""Bâtiment"", ""Prestations de services""], ""donnees"": ""{\""IDENTITE\"": {\""DENOMINATION\"": \""Cté Cnes Moyenne Vilaine et Semnon\"", \""ADRESSE\"": \""42 rue de Sabin\"", \""CP\"": \""35470\"", \""VILLE\"": \""Bain de Bretagne\"", \""MEL\"": \""dga@moyennevilaine-semnon.fr\""}, \""OBJET\"": {\""TITRE_MARCHE\"": \""Concession d'aménagement ZAC de Château-Gaillard\"", \""TYPE_MARCHE\"": {\""TRAVAUX\"": {\""EXECUTION\"": \""\""}}, \""CPV\"": [{\""PRINCIPAL\"": \""45111291\""}, {\""PRINCIPAL\"": \""71000000\""}, {\""PRINCIPAL\"": \""70122100\""}]}, \""PROCEDURE\"": {\""CRITERES_ATTRIBUTION\"": {\""CRITERES_LIBRE\"": \""Méthodologie, capacité financière, capacité technique.\""}}}"", ""famille"": ""JOUE"", ""famille_libelle"": ""Marchés européens"", ""gestion"": ""{\""REFERENCE\"": {\""IDWEB\"": \""15-31501\""}, \""INDEXATION\"": {\""DATE_PUBLICATION\"": \""2015-03-03\"", \""DATE_LIMITE_REPONSE\"": \""2015-04-20T12:00:00+01:00\"", \""DEP_PUBLICATION\"": \""35\"", \""DEP_PRESTATION\"": \""35\"", \""RESUME_OBJET\"": \""concession d'aménagement pour la réalisation de la ZAC de Château-Gaillard\""}}"", ""id"": ""15_31501"", ""idweb"": ""15-31501"", ""nature"": ""APPEL_OFFRE"", ""nature_libelle"": ""Avis de marché"", ""nomacheteur"": ""Cté Cnes Moyenne Vilaine et Semnon"", ""objet"": ""concession d'aménagement pour la réalisation de la ZAC de Château-Gaillard"", ""procedure_libelle"": ""Procédure NC"", ""source_schema"": ""Boamp_v230.xsd"", ""type_marche"": [""TRAVAUX""], ""url_avis"": ""https://www.boamp.fr/pages/avis/?q=idweb:15-31501""}"
B20150308_01_initial,INITIAL,BOAMP_API,2015-03-08 05:30:00+00:00,2,283b0d32917fa437e5761988a87d21242e8c0fefca02035d1e0098f5ca1ee3ce,"{""code_departement"": [""35""], ""code_departement_prestation"": ""35"", ""datefindiffusion"": ""2015-03-24"", ""datelimitereponse"": ""2015-03-18T12:00:00+00:00"", ""dateparution"": ""2015-03-04"", ""descripteur_code"": [""33"", ""274""], ""descripteur_libelle"": [""Bâtiment"", ""Prestations de services""], ""donnees"": ""{\""IDENTITE\"": {\""DENOMINATION\"": \""Ville de Rennes\"", \""ADRESSE\"": \""Adresse exemple\"", \""CP\"": \""00000\"", \""VILLE\"": \""Ville exemple\"", \""MEL\"": \""contact@example.org\""}, \""OBJET\"": {\""TITRE_MARCHE\"": \""maintenance de bâtiments scolaires et travaux courants\"", \""TYPE_MARCHE\"": {\""TRAVAUX\"": {\""EXECUTION\"": \""\""}}, \""CPV\"": [{\""PRINCIPAL\"": \""45453100\""}, {\""SECONDAIRE\"": \""50700000\""}]}}"", ""famille"": ""BOAMP"", ""famille_libelle"": ""Marchés européens"", ""gestion"": ""{\""REFERENCE\"": {\""IDWEB\"": \""15-40000\""}, \""INDEXATION\"": {\""DATE_PUBLICATION\"": \""2015-03-04\"", \""DATE_LIMITE_REPONSE\"": \""2015-03-18T12:00:00+00:00\"", \""DEP_PUBLICATION\"": \""35\"", \""DEP_PRESTATION\"": \""35\"", \""RESUME_OBJET\"": \""maintenance de bâtiments scolaires et travaux courants\""}}"", ""id"": ""15_40000"", ""idweb"": ""15-40000"", ""nature"": ""APPEL_OFFRE"", ""nature_libelle"": ""Avis de marché"", ""nomacheteur"": ""Ville de Rennes"", ""objet"": ""maintenance de bâtiments scolaires et travaux courants"", ""procedure_libelle"": ""Procédure NC"", ""source_schema"": ""Boamp_v230.xsd"", ""type_marche"": [""TRAVAUX""], ""url_avis"": ""https://www.boamp.fr/pages/avis/?q=idweb:15-40000""}"
B20150308_01_initial,INITIAL,BOAMP_API,2015-03-08 05:30:00+00:00,3,13848b9951b0faafb1c5dc92917c9e15982abbc659919184f07425de60050f24,"{""code_departement"": [""44""], ""code_departement_prestation"": ""44"", ""datefindiffusion"": ""2015-03-25"", ""datelimitereponse"": ""2015-03-25T16:00:00+00:00"", ""dateparution"": ""2015-03-05"", ""descripteur_code"": [""33"", ""274""], ""descripteur_libelle"": [""Bâtiment"", ""Prestations de services""], ""donnees"": ""{\""IDENTITE\"": {\""DENOMINATION\"": \""Ville de Nantes\"", \""ADRESSE\"": \""Adresse exemple\"", \""CP\"": \""00000\"", \""VILLE\"": \""Ville exemple\"", \""MEL\"": \""contact@example.org\""}, \""OBJET\"": {\""TITRE_MARCHE\"": \""fourniture de matériel informatique pour les services municipaux\"", \""TYPE_MARCHE\"": {\""FOURNITURES\"": {\""EXECUTION\"": \""\""}}, \""CPV\"": [{\""PRINCIPAL\"": \""30200000\""}, {\""SECONDAIRE\"": \""48000000\""}]}}"", ""famille"": ""BOAMP"", ""famille_libelle"": ""Marchés européens"", ""gestion"": ""{\""REFERENCE\"": {\""IDWEB\"": \""15-40001\""}, \""INDEXATION\"": {\""DATE_PUBLICATION\"": \""2015-03-05\"", \""DATE_LIMITE_REPONSE\"": \""2015-03-25T16:00:00+00:00\"", \""DEP_PUBLICATION\"": \""44\"", \""DEP_PRESTATION\"": \""44\"", \""RESUME_OBJET\"": \""fourniture de matériel informatique pour les services municipaux\""}}"", ""id"": ""15_40001"", ""idweb"": ""15-40001"", ""nature"": ""APPEL_OFFRE"", ""nature_libelle"": ""Avis de marché"", ""nomacheteur"": ""Ville de Nantes"", ""objet"": ""fourniture de matériel informatique pour les services municipaux"", ""procedure_libelle"": ""Procédure NC"", ""source_schema"": ""Boamp_v230.xsd"", ""type_marche"": [""FOURNITURES""], ""url_avis"": ""https://www.boamp.fr/pages/avis/?q=idweb:15-40001""}"
B20150308_01_initial,INITIAL,BOAMP_API,2015-03-08 05:30:00+00:00,4,66674b9826d0cf1f35b23687d7ec4d9fab1cd75c0c1bdbaafe7261a92682d383,"{""code_departement"": [""44""], ""code_departement_prestation"": ""44"", ""datefindiffusion"": ""2015-03-26"", ""datelimitereponse"": ""2015-03-20T10:00:00+00:00"", ""dateparution"": ""2015-03-06"", ""descripteur_code"": [""33"", ""274""], ""descripteur_libelle"": [""Bâtiment"", ""Prestations de services""], ""donnees"": ""{\""IDENTITE\"": {\""DENOMINATION\"": \""Conseil départemental de Loire-Atlantique\"", \""ADRESSE\"": \""Adresse exemple\"", \""CP\"": \""00000\"", \""VILLE\"": \""Ville exemple\"", \""MEL\"": \""contact@example.org\""}, \""OBJET\"": {\""TITRE_MARCHE\"": \""prestations de nettoyage des locaux administratifs\"", \""TYPE_MARCHE\"": {\""SERVICES\"": {\""EXECUTION\"": \""\""}}, \""CPV\"": [{\""PRINCIPAL\"": \""90910000\""}]}}"", ""famille"": ""BOAMP"", ""famille_libelle"": ""Marchés européens"", ""gestion"": ""{\""REFERENCE\"": {\""IDWEB\"": \""15-40002\""}, \""INDEXATION\"": {\""DATE_PUBLICATION\"": \""2015-03-06\"", \""DATE_LIMITE_REPONSE\"": \""2015-03-20T10:00:00+00:00\"", \""DEP_PUBLICATION\"": \""44\"", \""DEP_PRESTATION\"": \""44\"", \""RESUME_OBJET\"": \""prestations de nettoyage des locaux administratifs\""}}"", ""id"": ""15_40002"", ""idweb"": ""15-40002"", ""nature"": ""APPEL_OFFRE"", ""nature_libelle"": ""Avis de marché"", ""nomacheteur"": ""Conseil départemental de Loire-Atlantique"", ""objet"": ""prestations de nettoyage des locaux administratifs"", ""procedure_libelle"": ""Procédure NC"", ""source_schema"": ""Boamp_v230.xsd"", ""type_marche"": [""SERVICES""], ""url_avis"": ""https://www.boamp.fr/pages/avis/?q=idweb:15-40002""}"
B20150309_01_incremental,INCREMENTAL,BOAMP_API,2015-03-09 05:30:00+00:00,1,3bb0e6ed1ffaad43668165435dd93e592aed0402179744e0014beb76516475fc,"{""code_departement"": [""69""], ""code_departement_prestation"": ""69"", ""datefindiffusion"": ""2015-03-27"", ""datelimitereponse"": ""2015-03-30T15:00:00+00:00"", ""dateparution"": ""2015-03-07"", ""descripteur_code"": [""33"", ""274""], ""descripteur_libelle"": [""Bâtiment"", ""Prestations de services""], ""donnees"": ""{\""IDENTITE\"": {\""DENOMINATION\"": \""Métropole de Lyon\"", \""ADRESSE\"": \""Adresse exemple\"", \""CP\"": \""00000\"", \""VILLE\"": \""Ville exemple\"", \""MEL\"": \""contact@example.org\""}, \""OBJET\"": {\""TITRE_MARCHE\"": \""travaux d'aménagement de voirie et signalisation\"", \""TYPE_MARCHE\"": {\""TRAVAUX\"": {\""EXECUTION\"": \""\""}}, \""CPV\"": [{\""PRINCIPAL\"": \""45233140\""}, {\""SECONDAIRE\"": \""34992200\""}]}}"", ""famille"": ""BOAMP"", ""famille_libelle"": ""Marchés européens"", ""gestion"": ""{\""REFERENCE\"": {\""IDWEB\"": \""15-40003\""}, \""INDEXATION\"": {\""DATE_PUBLICATION\"": \""2015-03-07\"", \""DATE_LIMITE_REPONSE\"": \""2015-03-30T15:00:00+00:00\"", \""DEP_PUBLICATION\"": \""69\"", \""DEP_PRESTATION\"": \""69\"", \""RESUME_OBJET\"": \""travaux d'aménagement de voirie et signalisation\""}}"", ""id"": ""15_40003"", ""idweb"": ""15-40003"", ""nature"": ""APPEL_OFFRE"", ""nature_libelle"": ""Avis de marché"", ""nomacheteur"": ""Métropole de Lyon"", ""objet"": ""travaux d'aménagement de voirie et signalisation"", ""procedure_libelle"": ""Procédure NC"", ""source_schema"": ""Boamp_v230.xsd"", ""type_marche"": [""TRAVAUX""], ""url_avis"": ""https://www.boamp.fr/pages/avis/?q=idweb:15-40003""}"
B20150309_01_incremental,INCREMENTAL,BOAMP_API,2015-03-09 05:30:00+00:00,2,1183366902af82c4fce3ae680bbe556987e3d1100b9f5c6ea5aa5a77ea26b9b8,"{""code_departement"": [""33""], ""code_departement_prestation"": ""33"", ""datefindiffusion"": ""2015-03-28"", ""datelimitereponse"": ""2015-03-22T09:00:00+00:00"", ""dateparution"": ""2015-03-08"", ""descripteur_code"": [""33"", ""274""], ""descripteur_libelle"": [""Bâtiment"", ""Prestations de services""], ""donnees"": ""{\""IDENTITE\"": {\""DENOMINATION\"": \""Communauté urbaine de Bordeaux\"", \""ADRESSE\"": \""Adresse exemple\"", \""CP\"": \""00000\"", \""VILLE\"": \""Ville exemple\"", \""MEL\"": \""contact@example.org\""}, \""OBJET\"": {\""TITRE_MARCHE\"": \""services d'assistance juridique en urbanisme\"", \""TYPE_MARCHE\"": {\""SERVICES\"": {\""EXECUTION\"": \""\""}}, \""CPV\"": [{\""PRINCIPAL\"": \""79111000\""}]}}"", ""famille"": ""BOAMP"", ""famille_libelle"": ""Marchés européens"", ""gestion"": ""{\""REFERENCE\"": {\""IDWEB\"": \""15-40004\""}, \""INDEXATION\"": {\""DATE_PUBLICATION\"": \""2015-03-08\"", \""DATE_LIMITE_REPONSE\"": \""2015-03-22T09:00:00+00:00\"", \""DEP_PUBLICATION\"": \""33\"", \""DEP_PRESTATION\"": \""33\"", \""RESUME_OBJET\"": \""services d'assistance juridique en urbanisme\""}}"", ""id"": ""15_40004"", ""idweb"": ""15-40004"", ""nature"": ""APPEL_OFFRE"", ""nature_libelle"": ""Avis de marché"", ""nomacheteur"": ""Communauté urbaine de Bordeaux"", ""objet"": ""services d'assistance juridique en urbanisme"", ""procedure_libelle"": ""Procédure NC"", ""source_schema"": ""Boamp_v230.xsd"", ""type_marche"": [""SERVICES""], ""url_avis"": ""https://www.boamp.fr/pages/avis/?q=idweb:15-40004""}"
B20150309_01_incremental,INCREMENTAL,BOAMP_API,2015-03-09 05:30:00+00:00,3,298ad4fe740d8c713217c28544e7999d81c69f50ff18b6f2f4dc9acd8102e259,"{""code_departement"": [""75""], ""code_departement_prestation"": ""75"", ""datefindiffusion"": ""2015-03-28"", ""datelimitereponse"": ""2015-03-01T09:00:00+00:00"", ""dateparution"": ""2015-03-08"", ""descripteur_code"": [""33"", ""274""], ""descripteur_libelle"": [""Bâtiment"", ""Prestations de services""], ""donnees"": ""{\""IDENTITE\"": {\""DENOMINATION\"": \""\"", \""ADRESSE\"": \""Adresse exemple\"", \""CP\"": \""00000\"", \""VILLE\"": \""Ville exemple\"", \""MEL\"": \""contact@example.org\""}, \""OBJET\"": {\""TITRE_MARCHE\"": \""prestation invalide sans acheteur\"", \""TYPE_MARCHE\"": {\""SERVICES\"": {\""EXECUTION\"": \""\""}}, \""CPV\"": [{\""PRINCIPAL\"": \""79111000\""}]}}"", ""famille"": ""BOAMP"", ""famille_libelle"": ""Marchés européens"", ""gestion"": ""{\""REFERENCE\"": {\""IDWEB\"": \""15-40005\""}, \""INDEXATION\"": {\""DATE_PUBLICATION\"": \""2015-03-08\"", \""DATE_LIMITE_REPONSE\"": \""2015-03-01T09:00:00+00:00\"", \""DEP_PUBLICATION\"": \""75\"", \""DEP_PRESTATION\"": \""75\"", \""RESUME_OBJET\"": \""prestation invalide sans acheteur\""}}"", ""id"": ""15_40005"", ""idweb"": ""15-40005"", ""nature"": ""APPEL_OFFRE"", ""nature_libelle"": ""Avis de marché"", ""nomacheteur"": """", ""objet"": ""prestation invalide sans acheteur"", ""procedure_libelle"": ""Procédure NC"", ""source_schema"": ""Boamp_v230.xsd"", ""type_marche"": [""SERVICES""], ""url_avis"": ""https://www.boamp.fr/pages/avis/?q=idweb:15-40005""}"
B20150309_01_rerun,RERUN,BOAMP_API,2015-03-09 06:00:00+00:00,1,3bb0e6ed1ffaad43668165435dd93e592aed0402179744e0014beb76516475fc,"{""code_departement"": [""69""], ""code_departement_prestation"": ""69"", ""datefindiffusion"": ""2015-03-27"", ""datelimitereponse"": ""2015-03-30T15:00:00+00:00"", ""dateparution"": ""2015-03-07"", ""descripteur_code"": [""33"", ""274""], ""descripteur_libelle"": [""Bâtiment"", ""Prestations de services""], ""donnees"": ""{\""IDENTITE\"": {\""DENOMINATION\"": \""Métropole de Lyon\"", \""ADRESSE\"": \""Adresse exemple\"", \""CP\"": \""00000\"", \""VILLE\"": \""Ville exemple\"", \""MEL\"": \""contact@example.org\""}, \""OBJET\"": {\""TITRE_MARCHE\"": \""travaux d'aménagement de voirie et signalisation\"", \""TYPE_MARCHE\"": {\""TRAVAUX\"": {\""EXECUTION\"": \""\""}}, \""CPV\"": [{\""PRINCIPAL\"": \""45233140\""}, {\""SECONDAIRE\"": \""34992200\""}]}}"", ""famille"": ""BOAMP"", ""famille_libelle"": ""Marchés européens"", ""gestion"": ""{\""REFERENCE\"": {\""IDWEB\"": \""15-40003\""}, \""INDEXATION\"": {\""DATE_PUBLICATION\"": \""2015-03-07\"", \""DATE_LIMITE_REPONSE\"": \""2015-03-30T15:00:00+00:00\"", \""DEP_PUBLICATION\"": \""69\"", \""DEP_PRESTATION\"": \""69\"", \""RESUME_OBJET\"": \""travaux d'aménagement de voirie et signalisation\""}}"", ""id"": ""15_40003"", ""idweb"": ""15-40003"", ""nature"": ""APPEL_OFFRE"", ""nature_libelle"": ""Avis de marché"", ""nomacheteur"": ""Métropole de Lyon"", ""objet"": ""travaux d'aménagement de voirie et signalisation"", ""procedure_libelle"": ""Procédure NC"", ""source_schema"": ""Boamp_v230.xsd"", ""type_marche"": [""TRAVAUX""], ""url_avis"": ""https://www.boamp.fr/pages/avis/?q=idweb:15-40003""}"
B20150309_01_rerun,RERUN,BOAMP_API,2015-03-09 06:00:00+00:00,2,1183366902af82c4fce3ae680bbe556987e3d1100b9f5c6ea5aa5a77ea26b9b8,"{""code_departement"": [""33""], ""code_departement_prestation"": ""33"", ""datefindiffusion"": ""2015-03-28"", ""datelimitereponse"": ""2015-03-22T09:00:00+00:00"", ""dateparution"": ""2015-03-08"", ""descripteur_code"": [""33"", ""274""], ""descripteur_libelle"": [""Bâtiment"", ""Prestations de services""], ""donnees"": ""{\""IDENTITE\"": {\""DENOMINATION\"": \""Communauté urbaine de Bordeaux\"", \""ADRESSE\"": \""Adresse exemple\"", \""CP\"": \""00000\"", \""VILLE\"": \""Ville exemple\"", \""MEL\"": \""contact@example.org\""}, \""OBJET\"": {\""TITRE_MARCHE\"": \""services d'assistance juridique en urbanisme\"", \""TYPE_MARCHE\"": {\""SERVICES\"": {\""EXECUTION\"": \""\""}}, \""CPV\"": [{\""PRINCIPAL\"": \""79111000\""}]}}"", ""famille"": ""BOAMP"", ""famille_libelle"": ""Marchés européens"", ""gestion"": ""{\""REFERENCE\"": {\""IDWEB\"": \""15-40004\""}, \""INDEXATION\"": {\""DATE_PUBLICATION\"": \""2015-03-08\"", \""DATE_LIMITE_REPONSE\"": \""2015-03-22T09:00:00+00:00\"", \""DEP_PUBLICATION\"": \""33\"", \""DEP_PRESTATION\"": \""33\"", \""RESUME_OBJET\"": \""services d'assistance juridique en urbanisme\""}}"", ""id"": ""15_40004"", ""idweb"": ""15-40004"", ""nature"": ""APPEL_OFFRE"", ""nature_libelle"": ""Avis de marché"", ""nomacheteur"": ""Communauté urbaine de Bordeaux"", ""objet"": ""services d'assistance juridique en urbanisme"", ""procedure_libelle"": ""Procédure NC"", ""source_schema"": ""Boamp_v230.xsd"", ""type_marche"": [""SERVICES""], ""url_avis"": ""https://www.boamp.fr/pages/avis/?q=idweb:15-40004""}"
B20150309_01_rerun,RERUN,BOAMP_API,2015-03-09 06:00:00+00:00,3,298ad4fe740d8c713217c28544e7999d81c69f50ff18b6f2f4dc9acd8102e259,"{""code_departement"": [""75""], ""code_departement_prestation"": ""75"", ""datefindiffusion"": ""2015-03-28"", ""datelimitereponse"": ""2015-03-01T09:00:00+00:00"", ""dateparution"": ""2015-03-08"", ""descripteur_code"": [""33"", ""274""], ""descripteur_libelle"": [""Bâtiment"", ""Prestations de services""], ""donnees"": ""{\""IDENTITE\"": {\""DENOMINATION\"": \""\"", \""ADRESSE\"": \""Adresse exemple\"", \""CP\"": \""00000\"", \""VILLE\"": \""Ville exemple\"", \""MEL\"": \""contact@example.org\""}, \""OBJET\"": {\""TITRE_MARCHE\"": \""prestation invalide sans acheteur\"", \""TYPE_MARCHE\"": {\""SERVICES\"": {\""EXECUTION\"": \""\""}}, \""CPV\"": [{\""PRINCIPAL\"": \""79111000\""}]}}"", ""famille"": ""BOAMP"", ""famille_libelle"": ""Marchés européens"", ""gestion"": ""{\""REFERENCE\"": {\""IDWEB\"": \""15-40005\""}, \""INDEXATION\"": {\""DATE_PUBLICATION\"": \""2015-03-08\"", \""DATE_LIMITE_REPONSE\"": \""2015-03-01T09:00:00+00:00\"", \""DEP_PUBLICATION\"": \""75\"", \""DEP_PRESTATION\"": \""75\"", \""RESUME_OBJET\"": \""prestation invalide sans acheteur\""}}"", ""id"": ""15_40005"", ""idweb"": ""15-40005"", ""nature"": ""APPEL_OFFRE"", ""nature_libelle"": ""Avis de marché"", ""nomacheteur"": """", ""objet"": ""prestation invalide sans acheteur"", ""procedure_libelle"": ""Procédure NC"", ""source_schema"": ""Boamp_v230.xsd"", ""type_marche"": [""SERVICES""], ""url_avis"": ""https://www.boamp.fr/pages/avis/?q=idweb:15-40005""}"
