batch_id,batch_type,source_system,extraction_ts,record_hash,idweb,objet,dateparution_raw,datelimitereponse_raw,nomacheteur_top,type_marche_top,url_avis,gestion_publication_date,gestion_deadline_date,buyer_name_donnees,cpv_raw
B20150308_01_initial,INITIAL,BOAMP_API,2015-03-08 05:30:00+00:00,510aba836dde6afdee6d4a1d83a3747b5c89ebd2e6c4f06aa7d63e29b432b6e4,15-31501,concession d'aménagement pour la réalisation de la ZAC de Château-Gaillard,2015-03-03,2015-04-20T11:00:00+00:00,Cté Cnes Moyenne Vilaine et Semnon,TRAVAUX,https://www.boamp.fr/pages/avis/?q=idweb:15-31501,2015-03-03,2015-04-20T12:00:00+01:00,Cté Cnes Moyenne Vilaine et Semnon,"[{'PRINCIPAL': '45111291'}, {'PRINCIPAL': '71000000'}, {'PRINCIPAL': '70122100'}]"
B20150308_01_initial,INITIAL,BOAMP_API,2015-03-08 05:30:00+00:00,283b0d32917fa437e5761988a87d21242e8c0fefca02035d1e0098f5ca1ee3ce,15-40000,maintenance de bâtiments scolaires et travaux courants,2015-03-04,2015-03-18T12:00:00+00:00,Ville de Rennes,TRAVAUX,https://www.boamp.fr/pages/avis/?q=idweb:15-40000,2015-03-04,2015-03-18T12:00:00+00:00,Ville de Rennes,"[{'PRINCIPAL': '45453100'}, {'SECONDAIRE': '50700000'}]"
B20150308_01_initial,INITIAL,BOAMP_API,2015-03-08 05:30:00+00:00,13848b9951b0faafb1c5dc92917c9e15982abbc659919184f07425de60050f24,15-40001,fourniture de matériel informatique pour les services municipaux,2015-03-05,2015-03-25T16:00:00+00:00,Ville de Nantes,FOURNITURES,https://www.boamp.fr/pages/avis/?q=idweb:15-40001,2015-03-05,2015-03-25T16:00:00+00:00,Ville de Nantes,"[{'PRINCIPAL': '30200000'}, {'SECONDAIRE': '48000000'}]"
B20150308_01_initial,INITIAL,BOAMP_API,2015-03-08 05:30:00+00:00,66674b9826d0cf1f35b23687d7ec4d9fab1cd75c0c1bdbaafe7261a92682d383,15-40002,prestations de nettoyage des locaux administratifs,2015-03-06,2015-03-20T10:00:00+00:00,Conseil départemental de Loire-Atlantique,SERVICES,https://www.boamp.fr/pages/avis/?q=idweb:15-40002,2015-03-06,2015-03-20T10:00:00+00:00,Conseil départemental de Loire-Atlantique,[{'PRINCIPAL': '90910000'}]
B20150309_01_incremental,INCREMENTAL,BOAMP_API,2015-03-09 05:30:00+00:00,3bb0e6ed1ffaad43668165435dd93e592aed0402179744e0014beb76516475fc,15-40003,travaux d'aménagement de voirie et signalisation,2015-03-07,2015-03-30T15:00:00+00:00,Métropole de Lyon,TRAVAUX,https://www.boamp.fr/pages/avis/?q=idweb:15-40003,2015-03-07,2015-03-30T15:00:00+00:00,Métropole de Lyon,"[{'PRINCIPAL': '45233140'}, {'SECONDAIRE': '34992200'}]"
B20150309_01_incremental,INCREMENTAL,BOAMP_API,2015-03-09 05:30:00+00:00,1183366902af82c4fce3ae680bbe556987e3d1100b9f5c6ea5aa5a77ea26b9b8,15-40004,services d'assistance juridique en urbanisme,2015-03-08,2015-03-22T09:00:00+00:00,Communauté urbaine de Bordeaux,SERVICES,https://www.boamp.fr/pages/avis/?q=idweb:15-40004,2015-03-08,2015-03-22T09:00:00+00:00,Communauté urbaine de Bordeaux,[{'PRINCIPAL': '79111000'}]
B20150309_01_incremental,INCREMENTAL,BOAMP_API,2015-03-09 05:30:00+00:00,298ad4fe740d8c713217c28544e7999d81c69f50ff18b6f2f4dc9acd8102e259,15-40005,prestation invalide sans acheteur,2015-03-08,2015-03-01T09:00:00+00:00,,SERVICES,https://www.boamp.fr/pages/avis/?q=idweb:15-40005,2015-03-08,2015-03-01T09:00:00+00:00,,[{'PRINCIPAL': '79111000'}]
B20150309_01_rerun,RERUN,BOAMP_API,2015-03-09 06:00:00+00:00,3bb0e6ed1ffaad43668165435dd93e592aed0402179744e0014beb76516475fc,15-40003,travaux d'aménagement de voirie et signalisation,2015-03-07,2015-03-30T15:00:00+00:00,Métropole de Lyon,TRAVAUX,https://www.boamp.fr/pages/avis/?q=idweb:15-40003,2015-03-07,2015-03-30T15:00:00+00:00,Métropole de Lyon,"[{'PRINCIPAL': '45233140'}, {'SECONDAIRE': '34992200'}]"
B20150309_01_rerun,RERUN,BOAMP_API,2015-03-09 06:00:00+00:00,1183366902af82c4fce3ae680bbe556987e3d1100b9f5c6ea5aa5a77ea26b9b8,15-40004,services d'assistance juridique en urbanisme,2015-03-08,2015-03-22T09:00:00+00:00,Communauté urbaine de Bordeaux,SERVICES,https://www.boamp.fr/pages/avis/?q=idweb:15-40004,2015-03-08,2015-03-22T09:00:00+00:00,Communauté urbaine de Bordeaux,[{'PRINCIPAL': '79111000'}]
B20150309_01_rerun,RERUN,BOAMP_API,2015-03-09 06:00:00+00:00,298ad4fe740d8c713217c28544e7999d81c69f50ff18b6f2f4dc9acd8102e259,15-40005,prestation invalide sans acheteur,2015-03-08,2015-03-01T09:00:00+00:00,,SERVICES,https://www.boamp.fr/pages/avis/?q=idweb:15-40005,2015-03-08,2015-03-01T09:00:00+00:00,,[{'PRINCIPAL': '79111000'}]
